Title,primefeatures,Price
Mahindra Jeep Classic - 2022,15 kms / Diesel,"₹4,31,000 "
Maruti Suzuki Swift VXi 1.2 ABS BS IV - 2017,"38,000 kms / Petrol","₹5,55,000 "
Maruti Suzuki Gypsy King Soft Top - 2022,16 kms / Petrol,"₹5,93,000 "
Mahindra Jeep Classic - 2022,15 kms / Diesel,"₹3,99,000 "
Mahindra Jeep Classic - 2022,15 kms / Diesel,"₹4,39,000 "
Maruti Suzuki Gypsy King Soft Top - 2022,16 kms / Petrol,"₹5,68,000 "
Mahindra Jeep Classic - 2022,19 kms / Diesel,"₹4,37,000 "
Honda City SV MT PETROL - 2014,"85,000 kms / Petrol","₹3,95,000 "
Hyundai Creta 1.6 SX PLUS DIESEL - 2015,"1,25,000 kms / Diesel","₹9,00,000 "
Honda Accord 2.4 Inspire MT - 2012,"68,000 kms / Petrol","₹5,19,999 "
Fiat Grande Punto 1.3 Emotion Pack 90HP Diesel - 2015,"47,999 kms / Diesel","₹4,75,000 "
Fiat Linea Emotion Pack Diesel - 2011,"99,000 kms / Diesel","₹2,44,000 "
Mercedes Benz C Class 200 Kompressor Elegance MT - 2003,"81,769 kms / Petrol","₹2,44,000 "
Renault Duster 110 PS RxZ Diesel Plus - 2013,"99,436 kms / Diesel","₹4,49,000 "
Tata Zest XMS Petrol - 2014,"77,519 kms / Petrol","₹3,66,000 "
Mercedes Benz M Class ML 350 CDI - 2010,"99,000 kms / Diesel","₹12,55,000 "
Fiat Punto Evo Dynamic 1.2 - 2012,"88,599 kms / Petrol","₹2,42,000 "
Skoda Laura Ambiente 1.8 TSI - 2011,"81,493 kms / Petrol","₹2,44,000 "
Hyundai Sonata Transform 2.4 GDi AT - 2010,"75,139 kms","₹3,33,000 "
Toyota Corolla Altis Aero Ltd Petrol - 2010,"87,539 kms / Petrol","₹3,33,000 "
Hyundai i10 Magna 1.2 Kappa2 - 2012,"77,533 kms / Petrol","₹2,88,000 "
Tata Safari 4x2 EX DICOR BS IV - 2012,"89,632 kms / Diesel","₹3,49,000 "
Mitsubishi Pajero 2.8 SFX Dual Tone - 2008,"99,000 kms / Diesel","₹5,80,000 "
Toyota Etios Xclusive Petrol - 2011,"99,000 kms / Petrol","₹3,22,000 "
Mahindra Jeep Classic - 2022,12 kms / Diesel,"₹3,95,000 "
Mahindra Quanto C8 - 2015,"85,000 kms / Diesel","₹4,11,000 "
Mahindra Quanto C8 - 2013,"8,50,003 kms / Diesel","₹3,11,000 "
Mahindra Jeep CL550 MDI - 2019,366 kms / Diesel,"₹4,80,000 "
Mahindra Jeep CL550 MDI - 2019,255 kms / Diesel,"₹4,80,000 "
Mahindra Jeep CL 500 MDI - 2020,288 kms / Diesel,"₹4,50,000 "
Mahindra Jeep Classic - 2022,18 kms / Diesel,"₹4,37,000 "
Mahindra Jeep Classic - 2022,28 kms / Diesel,"₹4,51,000 "
Honda Amaze 1.2 S i VTEC - 2018,"20,300 kms / Petrol","₹6,90,000 "
Volkswagen Polo Highline1.2L P - 2016,"69,300 kms / Petrol","₹4,75,000 "
Toyota Fortuner 3.0 4x4 MT - 2010,"1,50,000 kms / Diesel","₹6,51,000 "
Hyundai Getz GLS - 2008,"10,854 kms / Petrol","₹1,00,000 "
Honda Mobilio V i VTEC - 2014,"90,524 kms / CNG / 2nd Owner",Ask For Price
Hyundai Santro GL Plus - 2012,"98,000 kms / CNG","₹2,50,000 "
Maruti Suzuki Alto LXi BS III - 2010,"80,000 kms / CNG","₹1,50,000 "
Mahindra Bolero SLX 4WD - 2018,"48,000 kms / Diesel","₹1,85,000 "
Hyundai i20 Magna O 1.4 CRDI - 2012,"80,000 kms / Diesel","₹2,79,000 "
Mercedes Benz C Class 220 - 2021,"31,000 kms / Diesel / 1st Owner","₹43,50,000 "
Renault Duster 85 PS RxL - 2014,"1,42,500 kms / Diesel","₹4,50,000 "
Maruti Suzuki Wagon R VXi Minor - 2010,"1,27,000 kms / Petrol","₹2,25,000 "
Mahindra TUV300 T8 AMT - 2017,"1,28,000 kms / Diesel","₹5,50,000 "
Hyundai AURA - 2021,"20,000 kms / CNG","₹9,00,000 "
Hyundai Grand i10 Era 1.2 Kappa VTVT - 2017,"25,000 kms / Petrol","₹4,85,000 "
Hyundai Getz Prime 1.1 GVS - 2010,"1,23,000 kms / Hybrid","₹1,35,999 "
Maruti Suzuki Wagon R 1.0 Vxi ABS Airbag - 2017,"78,786 kms / CNG","₹3,80,000 "
Honda Amaze 1.2 S i VTEC - 2018,"20,050 kms / Petrol","₹7,50,000 "
Skoda Yeti - 2013,"1,00,000 kms / Diesel","₹5,50,000 "
Maruti Suzuki Alto LXi BS III - 2010,"39,000 kms / Petrol / 2nd Owner","₹1,65,000 "
Hyundai i20 Asta 1.4 CRDI - 2017,"84,000 kms / Diesel","₹6,80,000 "
Maruti Suzuki Wagon R - 2017,"21,500 kms / Petrol / 1st Owner","₹4,65,000 "
,,
Renault Triber RXT - 2021,"14,999 kms / Petrol","₹6,95,000 "
Skoda Superb Elegance 2.0 TDI CR AT - 2013,"1,80,000 kms / Diesel","₹6,18,000 "
Mahindra Thar - 2021,"9,000 kms / Diesel / 1st Owner","₹17,00,000 "
Hyundai i10 1.2 L Kappa Magna Special Edition - 2012,"80,910 kms / CNG / 3rd Owner","₹2,50,000 "
Hyundai Accent GLX - 2011,"80,000 kms / CNG","₹2,51,000 "
Hyundai Accent GLS 1.6 - 2016,"38,000 kms / Petrol","₹6,00,000 "
Maruti Suzuki Ritz VDi - 2009,"99,280 kms / Diesel","₹1,70,000 "
Honda Civic 1.8 V MT Elegance - 2011,"67,000 kms / Petrol","₹3,50,000 "
Maruti Suzuki Esteem AX - 2021,55 kms / Diesel,Ask For Price
Maruti Suzuki Alto Std - 2006,"21,000 kms / Petrol","₹95,000 "
Maruti Suzuki Zen - 2001,"1,30,000 kms / Petrol","₹60,000 "
Renault Fluence 2.0 E4 - 2011,"1,06,000 kms / Petrol","₹3,00,000 "
Mahindra Jeep CL550 MDI - 2017,258 kms / Diesel,"₹4,50,000 "
Hyundai Verna 1.6 VTVT SX O - 2010,"1,09,000 kms / Petrol / 2nd Owner","₹2,50,000 "
Maruti Suzuki Baleno DELTA 1.2 K12 - 2016,"83,000 kms / Petrol","₹5,00,000 "
Maruti Suzuki Vitara Brezza VDi - 2018,"75,000 kms / Diesel","₹8,50,000 "
Maruti Suzuki Eeco 5 STR WITH AC HTR CNG - 2017,"30,754 kms / CNG","₹4,55,000 "
Maruti Suzuki Ertiga VXI SMART HYBRID - 2019,"53,000 kms / Petrol","₹8,50,000 "
Maruti Suzuki Ciaz DELTA 1.4 VVT - 2022,"3,900 kms / Petrol","₹9,00,000 "
Maruti Suzuki Alto LXi BS III - 2012,"50,000 kms / CNG","₹1,75,000 "
Maruti Suzuki Wagon R LXI BS IV - 2021,"50,000 kms / CNG","₹6,15,000 "
Maruti Suzuki Swift VXI BSIII with ABS - 2020,"22,000 kms / Petrol","₹6,10,000 "
Toyota Innova 2.5 VX 7 STR BS IV - 2014,"92,000 kms / Diesel","₹7,00,000 "
Maruti Suzuki Wagon R 1.0 LXi CNG Avance LE - 2021,"34,000 kms / CNG","₹6,25,000 "
Maruti Suzuki Wagon R 1.0 LXi CNG Avance LE - 2019,"32,000 kms / CNG","₹5,50,000 "
Renault Triber 1.0 RXZ - 2021,"22,000 kms / Petrol","₹7,25,000 "
Maruti Suzuki Wagon R 1.0 LXi CNG Avance LE - 2017,"59,275 kms / CNG","₹3,60,000 "
Volkswagen Polo HIGHLINE1.5L DIESEL - 2015,"75,000 kms / Diesel","₹3,75,000 "
Skoda Superb Elegance 1.8 TSI AT - 2012,"95,000 kms / Petrol","₹3,75,000 "
Toyota Etios VD - 2014,"1,07,000 kms / Diesel","₹4,60,000 "
Hyundai i10 Magna 1.2 - 2011,"62,000 kms / CNG","₹1,75,000 "
Mahindra Quanto C8 - 2013,"85,000 kms / Diesel","₹3,50,000 "
Mahindra TUV300 T6 Plus - 2016,"85,000 kms / Diesel","₹5,25,000 "
Maruti Suzuki SX4 ZXI MT LEATHER BS IV - 2008,"69,000 kms / Petrol / 2nd Owner","₹1,45,000 "
Toyota Corolla Altis 1.8 VL AT - 2009,"1,05,000 kms / Petrol","₹2,68,000 "
Ford EcoSport Titanium 1.5L Ti VCT AT - 2021,"9,500 kms / Petrol","₹11,25,000 "
Maruti Suzuki Alto 800 Lxi - 2019,"3,720 kms / Petrol / 1st Owner","₹3,36,000 "
Maruti Suzuki Ciaz ZXi AT - 2015,"46,500 kms / Petrol / 2nd Owner","₹6,10,000 "
Honda Amaze 1.5 VX i DTEC - 2019,"54,000 kms / Diesel","₹7,15,000 "
Honda City ZX GXi - 2008,"85,000 kms / Petrol","₹1,50,000 "
Maruti Suzuki Eeco 5 STR WITH HTR CNG - 2013,"70,000 kms / CNG","₹2,50,000 "
Volkswagen Polo New - 2011,"51,000 kms / Petrol","₹2,40,000 "
Toyota Etios G - 2015,"56,000 kms / Petrol","₹3,99,999 "
Ssangyong Rexton RX7 - 2013,"91,000 kms / Diesel","₹4,25,000 "
Volkswagen Polo Petrol Breeze - 2013,"75,000 kms / Petrol","₹3,00,000 "
Nissan Terrano XL D Plus - 2014,"1,16,000 kms / Diesel / 1st Owner","₹3,50,000 "
Toyota Innova 2.5 VX 8 STR - 2012,"1,70,000 kms / Diesel","₹5,25,000 "
Toyota Innova 2.5 GX 7 STR BS IV - 2013,"59,200 kms / Diesel","₹7,40,000 "
Toyota Corolla Altis VL AT Petrol - 2009,"69,000 kms / Petrol / 2nd Owner","₹2,80,000 "
BMW 5 Series 520d - 2010,"1,00,000 kms / Diesel","₹6,20,000 "
Honda City ZX EXi - 2008,"60,000 kms / CNG","₹1,48,000 "
Toyota Innova 2.5 G4 7 STR - 2012,"1,24,000 kms / Diesel","₹3,40,000 "
Renault Duster - 2013,"43,000 kms / Diesel","₹3,10,000 "
Maruti Suzuki Wagon R - 2009,"10,000 kms / CNG","₹1,00,000 "
Maruti Suzuki Swift Dzire - 2020,"20,000 kms / Petrol","₹5,65,000 "
Mahindra Thar CRDe 4x4 AC - 2020,"20,000 kms / Diesel","₹10,00,000 "
Honda CRV 2.4L 4WD AVN - 2007,"68,000 kms / Petrol","₹2,00,000 "
Maruti Suzuki Wagon R LXi Minor - 2019,"52,800 kms / CNG","₹5,70,000 "
Hyundai Accent - 2008,"57,000 kms / Petrol / 1st Owner","₹99,000 "
Maruti Suzuki Baleno Zeta AT 1.2 - 2022,10 kms / CNG / 1st Owner,Ask For Price
Maruti Suzuki Swift VXi - 2010,"62,000 kms / Petrol / 2nd Owner","₹1,80,000 "
Audi A4 2.0 TDI 177bhp Premium Plus - 2012,"95,432 kms / Diesel","₹13,90,000 "
Maruti Suzuki SX4 ZDi - 2014,"61,234 kms / Diesel","₹5,40,000 "
Mahindra Jeep MM540 - 2022,162 kms / Diesel,"₹4,49,000 "
Mahindra Jeep Classic - 2022,23 kms / Diesel,"₹4,32,000 "
Kia Sonet - 2020,"12,400 kms / Diesel","₹14,50,000 "
Chevrolet Spark LS 1.0 - 2010,"98,000 kms / LPG","₹1,50,000 "
Ford Fusion Plus 1.4 TDCi Diesel - 2009,"1,00,000 kms / Diesel","₹1,00,000 "
Honda Accord 2.4 VTi L AT - 2008,"67,000 kms / Petrol / 2nd Owner","₹3,00,000 "
BMW X1 sDrive20d xLine - 2019,"1,00,000 kms / Diesel","₹22,90,000 "
Daewoo Matiz SG - 2000,"81,000 kms / Petrol","₹85,000 "
BMW X5 xDrive 30d - 2014,"1,87,654 kms / Diesel","₹22,90,000 "
Maruti Suzuki Alto K10 - 2010,"78,000 kms / Petrol","₹2,55,000 "
BMW 3 Series GT 320d GT Luxury Line - 2018,"96,507 kms / Diesel","₹28,90,000 "
Audi A6 35 TDI S LINE - 2017,"59,876 kms / Diesel","₹33,90,000 "
Mahindra Logan Diesel 1.5 DLX - 2009,"91,200 kms / Diesel / 1st Owner","₹2,75,000 "
Ford Figo Diesel Titanium - 2011,"52,000 kms / Diesel / 2nd Owner","₹2,60,000 "
Audi A3 35 TDI Premium - 2017,"1,00,000 kms / Diesel","₹15,50,000 "
Maruti Suzuki Ciaz ZDi - 2015,"1,34,900 kms / Diesel / 1st Owner","₹6,45,000 "
Hyundai Elite i20 Asta 1.2 - 2018,"17,000 kms / Petrol","₹7,60,000 "
Hyundai Creta 1.6 SX Plus Petrol AT - 2018,"75,000 kms / Petrol","₹11,95,000 "
Ford Figo Duratorq Diesel ZXI 1.4 - 2011,"1,45,000 kms / Diesel","₹1,95,000 "
Ford Figo - 2011,"69,500 kms / Petrol / 3rd Owner","₹2,30,000 "
Mercedes Benz GLA Class 200 CDI Style - 2016,"39,642 kms / Diesel","₹19,90,000 "
BMW 5 Series 525d - 2013,"84,321 kms / Diesel","₹17,90,000 "
Audi Q3 2.0 TDI quattro Premium Plus - 2014,"73,456 kms / Diesel","₹16,90,000 "
Land Rover Freelander 2 HSE - 2012,"1,24,356 kms / Diesel","₹13,90,000 "
Hyundai Creta S PETROL MT - 2021,"20,134 kms / Petrol","₹12,90,000 "
Mercedes Benz A Class A 180 - 2013,"66,543 kms / Diesel","₹11,90,000 "
Mahindra Thar DI 4WD - 2020,"29,876 kms / Diesel","₹16,90,000 "
Maruti Suzuki Swift VDi - 2011,"50,000 kms / Petrol","₹4,30,000 "
Maruti Suzuki Wagon R Duo Lxi - 2006,"1,33,000 kms / Petrol","₹1,65,000 "
Maruti Suzuki 800 AC BS III - 2006,"90,000 kms / Petrol","₹85,000 "
Hyundai i20 Sportz 1.4 CRDI - 2012,"99,000 kms / Diesel","₹3,75,000 "
Datsun RediGo A - 2019,"75,000 kms / Petrol / 1st Owner","₹3,02,000 "
Hyundai Accent GLS 1.6 ABS - 2002,"1,08,000 kms / Petrol","₹85,000 "
Nissan Sunny XL CVT AT - 2014,"1,70,000 kms / Petrol / 1st Owner","₹3,90,000 "
Maruti Suzuki OMNI E 8 STR - 1999,"1,25,000 kms / Petrol","₹70,000 "
Hyundai Accent CRDi - 2006,"1,70,000 kms / Diesel","₹1,50,000 "
Hyundai Accent GLS 1.6 ABS - 2006,"1,80,000 kms / Diesel","₹1,50,000 "
Maruti Suzuki Wagon R LXi BS III - 2007,"90,000 kms / Petrol","₹1,80,000 "
Skoda Rapid 1.6 MPI Ambition Plus - 2017,"1,04,000 kms / Diesel","₹7,25,000 "
Skoda Rapid New - 2020,"25,678 kms / Petrol","₹9,90,000 "
Maruti Suzuki Wagon R LXi BS III - 2006,"1,00,000 kms / Petrol","₹1,95,000 "
Tata Nano LX SE - 2012,"96,000 kms / Petrol","₹99,999 "
Maruti Suzuki A Star Vxi - 2009,"50,000 kms / Petrol / 2nd Owner","₹2,00,000 "
Maruti Suzuki Alto LXi BS III - 2008,"1,00,000 kms / Petrol","₹1,70,000 "
Audi A6 3.0 TDI quattro Premium Plus - 2006,"1,27,000 kms / Diesel","₹8,50,000 "
Honda City 1.5 EXi New - 2008,"84,000 kms / Petrol","₹99,000 "
Tata Hexa Varicor 400 XT - 2017,"16,000 kms / Diesel","₹11,50,000 "
Ford Endeavor New - 2011,"25,000 kms / Diesel","₹7,95,000 "
Honda BRV S - 2018,"27,000 kms / Petrol","₹7,50,000 "
Maruti Suzuki Ignis Delta 1.2 MT - 2017,"23,000 kms / Petrol","₹4,25,000 "
Toyota Land Cruiser Prado - 2021,"16,000 kms / Petrol","₹8,98,000 "
Maruti Suzuki S Presso - 2021,"3,000 kms / Petrol","₹4,85,000 "
Maruti Suzuki Ciaz ALPHA 1.4 VVT - 2019,"36,000 kms / Petrol","₹6,75,000 "
Toyota Corolla H5 1.8E - 2004,"1,06,000 kms / Petrol","₹99,000 "
Hyundai Verna 1.6 SX - 2013,"11,50,000 kms / Petrol","₹3,00,000 "
Honda City VX Petrol - 2017,"35,000 kms / Petrol","₹7,75,000 "
Hyundai Xcent S 1.2 - 2019,"30,000 kms / Petrol","₹4,35,000 "
Maruti Suzuki Alto LXi BS III - 2008,"26,000 kms / Petrol","₹89,999 "
Maruti Suzuki Ciaz - 2017,"48,000 kms / Petrol","₹5,25,000 "
Honda Jazz S AT - 2017,"68,000 kms / Petrol","₹5,50,000 "
Volvo XC60 Kinetic D4 - 2019,"50,000 kms / Diesel / 1st Owner","₹28,00,000 "
Tata Nexon XM - 2018,"42,200 kms / Petrol","₹5,20,000 "
Mercedes Benz M Class 350 CDI - 2012,"1,00,000 kms / Diesel","₹17,50,000 "
Hyundai Elantra 1.6 SX O AT - 2012,"61,000 kms / Diesel / 1st Owner","₹4,00,000 "
Toyota Corolla H1 1.8J - 2003,"75,000 kms / Petrol / 1st Owner","₹1,75,000 "
Hyundai Xcent E Plus CRDi - 2018,"2,15,000 kms / Diesel","₹3,85,000 "
Maruti Suzuki Swift Dzire Tour LDi - 2017,"1,00,000 kms / Diesel","₹3,20,000 "
Honda Brio S MT - 2013,"27,000 kms / Petrol","₹2,75,000 "
Nissan Terrano XV D THP Premium 110 PS - 2013,"35,000 kms / Diesel","₹4,25,000 "
Hyundai Xcent S - 2015,"65,000 kms / Petrol","₹3,25,000 "
Honda Amaze 1.2 EX i VTEC - 2014,"25,000 kms / Petrol","₹3,35,000 "
Hyundai Elantra 1.8 SX MT - 2013,"40,000 kms / Petrol","₹5,35,000 "
Honda City 1.5 V MT - 2015,"50,000 kms / Diesel","₹5,75,000 "
Audi A4 2.0 TDI Celebration Edition - 2012,"35,000 kms / Diesel","₹10,50,000 "
Skoda Octavia 1.8 TSI AT Style Plus - 2017,"53,500 kms / Petrol / 1st Owner","₹12,00,000 "
Toyota Corolla Altis 1.8 J - 2015,"44,000 kms / Petrol","₹7,00,000 "
Honda Amaze 1.2 SMT I VTEC - 2016,"45,000 kms / Petrol","₹3,75,000 "
Mahindra KUV100 K8 6 STR - 2016,"30,000 kms / Petrol","₹4,11,000 "
Mahindra Jeep Classic - 2022,13 kms / Diesel,"₹4,37,000 "
Honda Amaze 1.2 EX i VTEC - 2013,"46,000 kms / Petrol / 1st Owner","₹2,75,000 "
Maruti Suzuki Ciaz ZXI Plus AT - 2015,"43,000 kms / Petrol","₹6,75,000 "
Volkswagen Vento Comfortline Petrol - 2013,"50,000 kms / Petrol","₹3,75,000 "
Tata Venture CX - 2020,82 kms / Diesel,"₹4,75,000 "
Toyota Etios G - 2018,"37,000 kms / Petrol / 1st Owner","₹5,25,000 "
Hyundai Verna 1.6 CRDI SX O - 2015,"25,000 kms / Diesel","₹5,75,000 "
Mahindra TUV300 T4 Plus - 2016,"40,000 kms / Diesel","₹4,75,000 "
Maruti Suzuki Alto K10 VXi AMT Airbag - 2017,"42,000 kms / Petrol","₹2,71,000 "
Hyundai Verna 1.6 SX - 2012,"40,000 kms / Diesel","₹3,50,000 "
Tata Tiago XT 1.2 REVOTRON - 2020,"9,200 kms / Petrol / 1st Owner","₹5,15,000 "
Skoda Octavia 1.8 TSI AT Style Plus - 2017,"55,000 kms / Petrol / 1st Owner","₹12,50,000 "
Maruti Suzuki Swift Dzire Tour LXi - 2009,"70,000 kms / Petrol","₹2,35,000 "
Maruti Suzuki Swift Dzire - 2014,"28,340 kms / Petrol / 1st Owner","₹3,25,000 "
Mahindra Jeep Classic - 2022,16 kms / Diesel,"₹4,31,000 "
Jeep Compass Limited O 1.4 Petrol AT - 2021,"7,300 kms / Petrol / 1st Owner","₹23,68,000 "
Hyundai Grand i10 1.2 CRDI Sportz O - 2017,"71,000 kms / Diesel","₹4,45,000 "
Hyundai Grand i10 SPORTS 1.2 VTVT - 2019,"24,000 kms / Petrol","₹4,55,000 "
Honda City 1.5 V MT Sunroof - 2016,"42,000 kms / Petrol","₹6,99,000 "
Hyundai Creta 1.6 SX O CRDI - 2018,"76,000 kms / Diesel","₹10,50,000 "
Mahindra Scorpio VLX 2.2 mHawk BSIII - 2013,"86,000 kms / Diesel","₹4,75,000 "
Maruti Suzuki Wagon R LXI BS IV - 2016,"35,000 kms / Petrol","₹3,25,000 "
Hyundai Verna FLUIDIC 1.6 CRDI S o  - 2021,"3,000 kms / Diesel","₹1,15,00,003 "
Honda City 1.5 S AT - 2010,"6,600 kms / Petrol","₹2,55,000 "
Maruti Suzuki Vitara Brezza VDi O - 2017,"63,000 kms / Diesel","₹7,50,000 "
Ford Figo Diesel ZXI - 2012,"67,000 kms / Diesel","₹2,25,000 "
Maruti Suzuki Omni 5 STR BS III - 2011,"55,000 kms / Petrol","₹1,35,000 "
Mahindra Scorpio 2.6 SLX CRDe - 2010,"96,000 kms / Diesel","₹3,25,000 "
Hyundai i20 Active 1.2 SX - 2017,"44,000 kms / Petrol","₹5,25,000 "
Maruti Suzuki Alto LX BS IV - 2010,"65,000 kms / Petrol","₹1,21,000 "
Honda City V MT Exclusive - 2011,"67,000 kms / Petrol","₹3,25,000 "
Audi A4 - 2013,"92,000 kms / Diesel","₹7,50,000 "
Hyundai Santro 1.1 SPORTS AMT - 2019,"42,000 kms / Petrol","₹5,50,000 "
Hyundai Eon Era - 2012,"60,000 kms / Petrol","₹2,00,000 "
Maruti Suzuki Swift LXi - 2007,"75,000 kms / Petrol","₹1,40,000 "
Hyundai Accent GLE - 2009,"65,000 kms / Petrol","₹1,55,000 "
Honda City ZX - 2005,"79,000 kms / Petrol / 3rd Owner","₹1,30,000 "
Maruti Suzuki Gypsy King ST BS IV - 2017,"33,000 kms / Petrol / 2nd Owner","₹11,00,000 "
Toyota Innova 2.5 GX BS III 7 STR - 2009,"1,80,000 kms / Diesel / 2nd Owner","₹6,00,000 "
Honda City - 2011,"70,000 kms / Petrol / 2nd Owner","₹3,20,000 "
Audi Q5 3.0 TDI quattro - 2015,"1,59,800 kms / Diesel","₹21,00,000 "
Hyundai Grand i10 SPORTZ O 1.2 - 2019,"17,000 kms / Petrol","₹4,99,000 "
Hyundai Grand i10 ASTA 1.2 KAPPA VTVT OPT - 2016,"47,000 kms / Petrol","₹4,45,000 "
Honda Brio S MT - 2012,"56,000 kms / Petrol","₹2,75,000 "
Hyundai Grand i10 Sportz 1.1 CRDi - 2014,"65,000 kms / Diesel","₹3,99,000 "
Maruti Suzuki Wagon R VXI BS IV with ABS - 2012,"66,000 kms / Petrol","₹2,55,000 "
Maruti Suzuki Swift VDI OPT - 2016,"44,000 kms / Diesel","₹5,50,000 "
Maruti Suzuki Swift VXi 1.2 BS IV - 2010,"69,000 kms / Petrol","₹2,25,000 "
Maruti Suzuki Swift VDI OPT - 2012,"68,000 kms / Diesel","₹3,45,000 "
Maruti Suzuki Wagon R VXI BS IV with ABS - 2014,"46,000 kms / Petrol","₹3,25,000 "
Maruti Suzuki Swift VXi 1.2 ABS BS IV - 2016,"44,000 kms / CNG","₹4,75,000 "
Mahindra Bolero SLE BS IV - 2013,"73,500 kms / Diesel","₹4,10,000 "
Mahindra Thar CRDe 4x4 AC - 2016,"45,000 kms / Diesel","₹7,50,000 "
Mahindra XUV 500 W8 - 2013,"1,16,000 kms / Diesel","₹5,50,000 "
Hyundai Elite i20 Asta 1.4 CRDI - 2013,"63,000 kms / Diesel","₹3,75,000 "
Maruti Suzuki XL6 ALPHA SHVS MT - 2021,"11,000 kms / Petrol","₹10,50,000 "
Hyundai i10 Sportz 1.2 Kappa2 O - 2017,"19,000 kms / Petrol","₹4,90,000 "
Honda Amaze 1.2 SMT I VTEC - 2014,"46,000 kms / Petrol","₹3,99,000 "
Toyota Corolla Altis Diesel D4DG - 2012,"64,000 kms / Diesel","₹4,75,000 "
Maruti Suzuki Dzire VDI AMT - 2016,"40,100 kms / Diesel",Ask For Price
Mahindra Jeep Classic - 2022,12 kms / Diesel,"₹4,38,000 "
BMW 5 Series 520d Luxury Line - 2017,"65,000 kms / Diesel","₹32,50,000 "
Skoda Rapid Style 1.5 TDI AT - 2020,"55,000 kms / Diesel","₹11,75,000 "
Mercedes Benz CLA Class 200 CDI Sport - 2018,"35,000 kms / Diesel","₹35,00,000 "
Mercedes Benz S Class 350 L - 2015,"65,000 kms / Diesel","₹50,00,000 "
Mercedes Benz E Class E220 CDI Blue Efficiency - 2018,"37,000 kms / Diesel","₹46,00,000 "
Mercedes Benz E Class E 350 d - 2021,"7,000 kms / Diesel","₹1,00,00,000 "
Mahindra Thar DI 4WD - 2021,"8,000 kms / Petrol","₹17,50,000 "
Maruti Suzuki Ertiga VDI Limited Edition - 2012,"70,000 kms / Diesel","₹1,60,000 "
BMW X1 sDrive20d - 2012,"38,000 kms / Diesel","₹12,75,000 "
Mercedes Benz C Class 220 CDI AT - 2011,"45,000 kms / Diesel","₹14,00,000 "
Maruti Suzuki Gypsy King Soft Top - 2022,12 kms / Petrol,"₹5,93,000 "
Mahindra Jeep Classic - 2022,12 kms / Diesel,"₹4,32,000 "
BMW X1 sDrive20d - 2011,"73,000 kms / Diesel","₹12,75,000 "
Skoda Kodiaq - 2018,"90,000 kms / Diesel","₹24,50,000 "
Land Rover Range Rover 4.4 SDV8 Vogue SE - 2011,"66,000 kms / Diesel","₹40,00,000 "
Maruti Suzuki Eeco 5 STR - 2012,"84,340 kms / Petrol","₹2,95,000 "
Honda City 1.5 E MT - 2003,"1,20,000 kms / Petrol / 2nd Owner","₹3,20,000 "
Maruti Suzuki Baleno Alpha 1.3 - 2016,"39,000 kms / Diesel","₹7,65,000 "
Tata Indigo CS LX TDI - 2009,"88,000 kms / Diesel","₹1,58,000 "
Maruti Suzuki Swift VXI BSIII - 2007,"1,16,000 kms / Petrol","₹2,15,000 "
Ford Figo Diesel ZXI - 2012,"87,000 kms / Diesel / 2nd Owner","₹2,50,000 "
Volkswagen Polo HIGHLINE1.5L DIESEL - 2016,"58,800 kms / Diesel","₹7,20,000 "
BMW 3 Series 320D SPORTLINE - 2015,"64,000 kms / Diesel / 2nd Owner","₹19,50,000 "
Maruti Suzuki Alto LXi BS III - 2004,"69,000 kms / Petrol","₹1,35,000 "
BMW 5 Series 520d Luxury Line - 2009,"97,000 kms / Diesel","₹12,50,000 "
BMW 5 Series 520d Luxury Line - 2021,"8,000 kms / Diesel","₹68,00,000 "
Hyundai i10 Sportz 1.1 iRDE2 - 2015,"15,189 kms / Petrol","₹4,45,000 "
Mahindra XUV 500 W8 - 2014,"94,000 kms / Diesel","₹9,50,000 "
Land Rover Range Rover 5.0 Supercharged V8 Petrol - 2010,"49,000 kms / Petrol","₹47,50,000 "
Maruti Suzuki Ertiga ZXI Plus - 2013,"60,780 kms / Petrol","₹6,75,000 "
Skoda Rapid 1.6 TDI Elegance - 2012,"81,935 kms / Diesel","₹3,75,000 "
Audi Q3 2.0 TDI quattro Premium Plus - 2016,"90,000 kms / Diesel","₹21,25,000 "
Mahindra XUV 300 W8 Option Diesel - 2019,"32,000 kms / Diesel / 1st Owner","₹13,70,000 "
Kia Sonet - 2020,"14,569 kms / Petrol","₹13,25,000 "
Mahindra Jeep Classic - 2022,13 kms / Diesel,"₹3,98,000 "
Mercedes Benz CLA Class 200 Petrol Sport CBU - 2019,"18,000 kms / Petrol","₹35,00,000 "
Hyundai i20 Magna 1.2 - 2010,"67,265 kms / Petrol","₹3,70,000 "
Toyota Innova Crysta 2.8 ZX AT 7 STR - 2016,"96,000 kms / Diesel","₹19,25,000 "
Hyundai i20 Asta 1.2 O With Sunroof - 2010,"96,000 kms / Petrol","₹3,65,000 "
Nissan Sunny XL - 2012,"66,500 kms / Petrol / 2nd Owner","₹4,25,000 "
Hyundai i20 Sportz Option - 2010,"49,000 kms / Petrol","₹3,85,000 "
Maruti Suzuki Swift VXI BSIII - 2008,"1,21,000 kms / Petrol","₹2,95,000 "
Skoda Fabia 1.2L Diesel Elegance - 2012,"95,000 kms / Diesel","₹3,75,000 "
Maruti Suzuki S Cross ZETA 1.3 SHVS - 2017,"95,000 kms / Diesel","₹7,85,000 "
Maruti Suzuki Swift VXI BSIII - 2006,"1,17,000 kms / Petrol","₹2,55,000 "
Toyota Fortuner 3.0 AT 4X2 - 2015,"1,36,000 kms / Diesel","₹19,00,000 "
Hyundai Grand i10 Asta 1.2 Kappa VTVT O - 2014,"86,000 kms / Petrol","₹4,45,000 "
Maruti Suzuki Wagon R 1.0 LXi CNG - 2015,"51,951 kms / CNG","₹3,75,000 "
Hyundai i20 Magna O 1.2 - 2013,"35,484 kms / Petrol","₹3,49,999 "
BMW 3 Series 320d Corporate Edition - 2012,"29,907 kms / Diesel","₹8,45,000 "
Honda Mobilio V i DTEC - 2015,"79,434 kms / Diesel","₹5,45,000 "
Maruti Suzuki Wagon R LXI BS IV - 2015,"38,269 kms / Petrol","₹3,49,999 "
Honda Jazz V iDTEC - 2016,"56,745 kms / Diesel","₹5,75,000 "
Honda WRV VX MT Petrol - 2017,"13,530 kms / Petrol","₹7,35,000 "
Renault Duster 85 PS RxL Diesel - 2014,"70,552 kms / Diesel","₹4,45,000 "
Honda City 1.5 V MT - 2018,"50,000 kms / Petrol","₹7,45,000 "
Renault Lodgy 110 PS RXZ 7 STR STEPWAY - 2016,"72,000 kms / Diesel","₹5,75,000 "
Honda City ZX EXi - 2008,"91,400 kms / Petrol","₹1,35,000 "
Mahindra Jeep Classic - 2022,18 kms / Diesel,"₹4,39,000 "
Nissan Sunny XV - 2012,"66,000 kms / Petrol","₹2,95,000 "
Renault Lodgy 85 PS RXZ - 2017,"67,000 kms / Diesel","₹5,65,000 "
Maruti Suzuki Swift Dzire VXi 1.2 BS IV - 2012,"78,000 kms / Petrol","₹3,75,000 "
Toyota Innova 2.5 G4 8 STR - 2009,"1,82,000 kms / Diesel","₹3,80,000 "
Honda City 1.5 EXi New - 2014,"92,000 kms / Petrol","₹6,50,000 "
Mercedes Benz E Class 250 CDI Elegance - 2011,"66,000 kms / Diesel","₹11,00,000 "
Maruti Suzuki Estilo VXi ABS BS IV - 2007,"63,524 kms / Petrol","₹99,000 "
BMW X1 sDrive20d - 2011,"1,35,000 kms / Diesel","₹11,80,000 "
BMW 5 Series 520d Modern Line - 2014,"99,500 kms / Diesel / 1st Owner","₹21,50,000 "
Mercedes Benz S Class S 500 - 2011,"72,000 kms / Petrol / 1st Owner","₹18,75,000 "
Maruti Suzuki Swift VXi 1.2 ABS BS IV - 2016,"50,000 kms / Petrol","₹4,75,000 "
Hyundai i20 Sportz 1.2 BS IV - 2014,"90,000 kms / Petrol","₹3,95,000 "
Hyundai Santro 1.1 SPORTS AMT - 2019,"4,500 kms / Petrol","₹6,15,000 "
Hyundai Creta 1.6 SX Plus Petrol AT - 2019,"29,000 kms / Petrol","₹14,75,000 "
Toyota Corolla Altis VL AT Petrol - 2010,"72,000 kms / Petrol","₹3,75,000 "
Toyota Corolla Altis G Petrol - 2009,"74,000 kms / Petrol","₹2,95,000 "
Maruti Suzuki Baleno RS 1.0 - 2017,"30,000 kms / Petrol","₹5,45,000 "
Toyota Etios VX - 2010,"74,000 kms / CNG","₹2,95,000 "
Maruti Suzuki Wagon R VXi Minor - 2008,"51,000 kms / Petrol","₹1,45,000 "
Maruti Suzuki Wagon R LXi Minor - 2010,"33,000 kms / Petrol","₹1,95,000 "
Maruti Suzuki Baleno DELTA 1.2 K12 AMT - 2019,"27,000 kms / Petrol","₹7,25,000 "
Skoda Octavia LK 1.8 TSI AT - 2018,"53,000 kms / Petrol","₹17,85,000 "
Maruti Suzuki Wagon R - 2005,"32,000 kms / Petrol","₹1,25,000 "
Hyundai i10 Sportz - 2008,"81,000 kms / Petrol","₹1,60,000 "
Honda City - 2006,"1,55,000 kms / Petrol","₹1,25,000 "
Hyundai Santa Fe 4 WD AT - 2012,"1,26,000 kms / Diesel / 2nd Owner","₹7,75,000 "
BMW 3 Series 320d Luxury Line - 2015,"61,000 kms / Diesel / 2nd Owner","₹18,50,000 "
Mercedes Benz C Class 250 CDI Avantgarde - 2011,"75,000 kms / Diesel / 2nd Owner","₹11,90,000 "
Jaguar XF 2.2 Diesel Luxury - 2015,"50,000 kms / Diesel / 1st Owner","₹26,50,000 "
Maruti Suzuki Wagon R VXi Minor - 2017,"51,769 kms / CNG","₹4,45,000 "
Maruti Suzuki Wagon R - 2009,"45,000 kms / Petrol","₹1,55,000 "
Maruti Suzuki Estilo - 2008,"30,000 kms / Petrol","₹1,41,000 "
Maruti Suzuki Wagon R - 2005,"33,000 kms / Petrol","₹1,25,000 "
Mahindra TUV300 T6 Plus - 2016,"85,000 kms / Diesel","₹5,50,000 "
Isuzu D Max V Cross 4x4 - 2018,"90,000 kms / Diesel / 1st Owner","₹20,25,000 "
Mahindra Jeep Classic - 2022,23 kms / Diesel,"₹4,31,000 "
Maruti Suzuki Gypsy King Soft Top - 2022,13 kms / Petrol,"₹5,60,000 "
Mahindra Jeep Classic - 2022,13 kms / Diesel,"₹4,31,000 "
Ford Figo Duratorq Diesel Titanium 1.4 - 2012,"90,000 kms / Diesel / 3rd Owner","₹2,30,000 "
Renault Duster - 2016,"1,22,000 kms / Diesel","₹4,00,000 "
Maruti Suzuki Swift LXi - 2006,"70,000 kms / Petrol / 3rd Owner","₹90,000 "
Hyundai Eon Era Plus LPG - 2018,"40,000 kms / LPG / 1st Owner","₹2,80,000 "
Ford Fiesta Petrol Style - 2007,"1,10,000 kms / Petrol","₹99,990 "
Mahindra Scorpio S10 - 2017,"1,60,000 kms / Diesel","₹11,00,000 "
Mahindra XUV 500 W8 - 2012,"70,000 kms / Diesel","₹7,00,000 "
Mahindra Thar CRDe 4x4 AC - 2018,"13,000 kms / Diesel / 2nd Owner","₹10,00,000 "
Tata Indigo eCS LS CR4 BS IV - 2014,"82,500 kms / Diesel","₹1,20,000 "
Maruti Suzuki Swift Dzire LDi - 2018,"90,000 kms / Diesel","₹5,50,000 "
Kia Sonet - 2021,"20,000 kms / Diesel","₹11,00,000 "
BMW X1 sDrive20d Sport Line - 2012,"56,000 kms / Diesel","₹12,00,000 "
Hyundai i20 Active 1.4 SX - 2017,"52,000 kms / Diesel","₹6,40,000 "
Tata Indica Vista Aura 1.2 Safire - 2009,"65,000 kms / Petrol","₹99,000 "
Maruti Suzuki Vitara Brezza ZDI AMT - 2019,"23,586 kms / Diesel","₹10,00,000 "
Mahindra XUV 500 - 2012,"91,878 kms / Diesel","₹5,99,999 "
Maruti Suzuki Dzire VDI AMT - 2017,"48,000 kms / Diesel","₹7,00,000 "
Tata Indigo eCS VX CR4 BS IV - 2012,"1,00,000 kms / Diesel / 2nd Owner","₹1,00,000 "
Toyota Innova 2.5 V 7 STR - 2005,"95,000 kms / Diesel","₹3,75,000 "
Hyundai Santro Xing GLS CNG - 2012,"72,000 kms / Petrol / 3rd Owner","₹2,00,000 "
Maruti Suzuki OMNI E 8 STR - 2003,"45,000 kms / Petrol / 1st Owner","₹1,25,000 "
Chevrolet Spark - 2009,"1,15,000 kms / Petrol","₹70,000 "
Mahindra XUV 500 W6 - 2014,"85,000 kms / Diesel / 2nd Owner","₹5,28,000 "
Mercedes Benz M Class ML 250 CDI - 2015,"79,000 kms / Diesel","₹25,00,000 "
Renault Kwid RXT - 2017,"56,000 kms / Petrol","₹3,10,000 "
Honda BRV 1.5 i DTEC S - 2018,"47,000 kms / Diesel / 1st Owner","₹6,70,000 "
Fiat Linea Classic 1.3 L Multijet Classic - 2013,"75,000 kms / Diesel","₹3,00,000 "
Mahindra Bolero DI - 2014,"45,000 kms / Diesel","₹4,75,000 "
Chevrolet Sail 1.2 LS ABS - 2015,"63,000 kms / Petrol","₹3,00,000 "
Tata Indigo CS eLS BS IV - 2014,"68,000 kms / Diesel","₹2,40,000 "
Renault Kwid RXE Opt - 2017,"35,000 kms / Petrol","₹2,50,000 "
Tata Safari 4x2 LX DICOR BS IV - 2012,"70,000 kms / Diesel / 1st Owner","₹3,00,000 "
Ford Fiesta Petrol Titanium - 2007,"1,10,000 kms / Petrol","₹1,15,000 "
Maruti Suzuki Dzire LXI - 2021,"24,000 kms / Petrol / 1st Owner","₹7,20,000 "
Ford Fiesta 1.4 Duratorq EXI - 2010,"95,000 kms / Diesel","₹2,25,000 "
Renault Duster 110 PS RxL - 2017,"21,700 kms / Petrol","₹7,25,000 "
Audi A4 2.0 TDI 177bhp Premium Sport - 2013,"90,000 kms / Diesel","₹9,45,000 "
Tata Indica eV2 LS - 2016,"1,00,000 kms / Hybrid","₹1,90,000 "
Tata Indigo CS - 2013,"99,000 kms / Diesel","₹1,12,000 "
Maruti Suzuki Eeco 5 STR WITH AC HTR CNG - 2013,"1,95,000 kms / CNG","₹2,70,000 "
Hyundai Santro 1.1 MAGNA MT - 2019,"25,000 kms / Petrol","₹4,50,000 "